Date,Entries / Debit,Entries / Credit,Journal,Entries / Name,Entries / Account,Period
2013-08-30,61.54,,Bank,BANKCARD-8566 BTOT DEP 130829 518089424227932 ANIMAL ELEMENT,10002 Bank,08/2013
2013-08-29,,276.1,Bank,Animal Element 3104000256 130828 100145976375 Animal Element 0,10002 Bank,08/2013
2013-08-29,,594.95,Bank,BANKCARD-8566 MTOT DEP 130828 518089424227932 ANIMAL ELEMENT,10002 Bank,08/2013
2013-08-28,370,,Bank,BILL PAY Brian Drummond ON-LINE No Account Number ON 08-28,10002 Bank,08/2013
2013-08-28,,61.54,Bank,BANKCARD-8566 MTOT DEP 130827 518089424227932 ANIMAL ELEMENT,10002 Bank,08/2013
2013-08-28,,1168.47,Bank,Animal Element 3104000256 130827 100145850900 Animal Element 0,10002 Bank,08/2013
2013-08-27,3000,,Bank,WF Direct Pay-Payment- Tran ID DP038384976,10002 Bank,08/2013
2013-08-27,,152.9,Bank,BANKCARD-8566 MTOT DEP 130826 518089424227932 ANIMAL ELEMENT,10002 Bank,08/2013
2013-08-27,,590.28,Bank,Animal Element 3104000256 130826 100145627646 Animal Element 0,10002 Bank,08/2013
2013-08-27,,1039.88,Bank,Animal Element 3104000256 130826 100145552319 Animal Element 0,10002 Bank,08/2013
2013-08-27,,1998.58,Bank,Animal Element 3104000256 130826 100145726858 Animal Element 0,10002 Bank,08/2013
2013-08-26,55.56,,Bank,PAYPAL INST XFER 130824 4X4J27DKTWC6L ANIMAL ELEMENT,10002 Bank,08/2013
2013-08-26,83.44,,Bank,PAYPAL INST XFER 130826 4X4J27DRX2PTE ANIMAL ELEMENT,10002 Bank,08/2013
2013-08-26,200,,Bank,VARUN KUMAR IAT PAYPAL 130826 J2222223L3ZXA ANIMAL ELEMENT,10002 Bank,08/2013
2013-08-26,,417.17,Bank,BANKCARD-8566 MTOT DEP 130823 518089424227932 ANIMAL ELEMENT,10002 Bank,08/2013
2013-08-23,176,,Bank,NAVRANG OZA IAT PAYPAL 130823 J2222223JJQJJ ANIMAL ELEMENT,10002 Bank,08/2013
2013-08-23,163.77,,Bank,BILL PAY UNISHIPPERS ON-LINE xxxxxx18731 ON 08-23,10002 Bank,08/2013
2013-08-23,,260.87,Bank,BANKCARD-8566 MTOT DEP 130822 518089424227932 ANIMAL ELEMENT,10002 Bank,08/2013
2013-08-22,99,,Bank,CHECK CRD PURCHASE 08/21 ROCKET WEB 855-624-3686 IL 425907XXXXXX3535 083232793587721 ?MCC=5045,10002 Bank,08/2013
2013-08-22,,325.81,Bank,BANKCARD-8566 MTOT DEP 130821 518089424227932 ANIMAL ELEMENT,10002 Bank,08/2013
2013-08-21,,181.62,Bank,BANKCARD-8566 BTOT DEP 130820 518089424227932 ANIMAL ELEMENT,10002 Bank,08/2013
2013-08-21,,260.7,Bank,Animal Element 3104000256 130820 100145079260 Animal Element 0,10002 Bank,08/2013
2013-08-20,49.54,,Bank,PAYPAL INST XFER 130820 4X4J27D69TNQN ANIMAL ELEMENT,10002 Bank,08/2013
2013-08-20,587.5,,Bank,BILL PAY APP GLOBAL INC. ON-LINE No Account Number ON 08-20,10002 Bank,08/2013
2013-08-20,,87.8,Bank,BANKCARD-8566 MTOT DEP 130819 518089424227932 ANIMAL ELEMENT,10002 Bank,08/2013
2013-08-20,,1414.65,Bank,Animal Element 3104000256 130819 100144861207 Animal Element 0,10002 Bank,08/2013
2013-08-20,,1815.33,Bank,Animal Element 3104000256 130819 100144955781 Animal Element 0,10002 Bank,08/2013
2013-08-19,2775,,Bank,WF Direct Pay-Payment- Tran ID DP038150556,10002 Bank,08/2013
2013-08-19,15,,Bank,RECUR DEBIT CRD PMT08/18 PAYPAL *TRAVELINGM 402-935-7733 NC 425907XXXXXX3535 083230414781616 ?MCC=7311,10002 Bank,08/2013
2013-08-19,,99.45,Bank,BANKCARD-8566 MTOT DEP 130818 518089424227932 ANIMAL ELEMENT,10002 Bank,08/2013
2013-08-19,,199.66,Bank,BANKCARD-8566 MTOT DEP 130818 518089424227932 ANIMAL ELEMENT,10002 Bank,08/2013
2013-08-16,50,,Bank,BILL PAY VICKI FRENCH RECURRINGNo account number ON 08-16,10002 Bank,08/2013
2013-08-16,,373.43,Bank,BANKCARD-8566 BTOT DEP 130815 518089424227932 ANIMAL ELEMENT,10002 Bank,08/2013
2013-08-15,100,,Bank,RECURRING TRANSFER TO ANIMAL ELEMENT LLC BUSINESS MARKET RATE SAVINGS REF #OPEMXD9FXK XXXXXX6133,10002 Bank,08/2013
2013-08-15,,666.97,Bank,Animal Element 3104000256 130814 100144411629 Animal Element 0,10002 Bank,08/2013
2013-08-15,,2691.56,Bank,BANKCARD-8566 BTOT DEP 130814 518089424227932 ANIMAL ELEMENT,10002 Bank,08/2013
2013-08-14,322.19,,Bank,BILL PAY Old Dominion Fre ON-LINE No Account Number ON 08-14,10002 Bank,08/2013
2013-08-14,269.04,,Bank,BILL PAY UNISHIPPERS ON-LINE xxxxxx18731 ON 08-14,10002 Bank,08/2013
2013-08-14,105.78,,Bank,RECUR DEBIT CRD PMT08/13 T-MOBILE RECURRING 800-937-8997 WA 425907XXXXXX3535 003225433770826 ?MCC=4814,10002 Bank,08/2013
2013-08-13,250,,Bank,WF Direct Pay-Payment- Tran ID DP037941758,10002 Bank,08/2013
2013-08-13,,287.4,Bank,Animal Element 3104000256 130812 100144084954 Animal Element 0,10002 Bank,08/2013
2013-08-13,,1673.08,Bank,Animal Element 3104000256 130812 100144015181 Animal Element 0,10002 Bank,08/2013
2013-08-12,10,,Bank,RECUR DEBIT CRD PMT08/11 BACKBLAZE BACKUP 650-352-3738 CA 425907XXXXXX3535 283223459624097 ?MCC=5734,10002 Bank,08/2013
2013-08-12,29,,Bank,CHECK CRD PURCHASE 08/09 D&B*HOOVERS 866-307-3812 TX 425907XXXXXX3535 083221776681183 ?MCC=7399,10002 Bank,08/2013
2013-08-12,,108.95,Bank,BANKCARD-8566 MTOT DEP 130811 518089424227932 ANIMAL ELEMENT,10002 Bank,08/2013
2013-08-12,,213.87,Bank,BANKCARD-8566 MTOT DEP 130811 518089424227932 ANIMAL ELEMENT,10002 Bank,08/2013
2013-08-09,233.08,,Bank,WF Direct Pay-Payment- Tran ID DP037877402,10002 Bank,08/2013
2013-08-09,,108.95,Bank,BANKCARD-8566 MTOT DEP 130808 518089424227932 ANIMAL ELEMENT,10002 Bank,08/2013
2013-08-08,4,,Bank,DIRECT PAY INDIVIDUAL PYMT TRANS,10002 Bank,08/2013
2013-08-08,10,,Bank,DIRECT PAY MONTHLY BASE,10002 Bank,08/2013
2013-08-08,14.95,,Bank,QUICKBOOKS BANKING,10002 Bank,08/2013
2013-08-08,,99.45,Bank,BANKCARD-8566 MTOT DEP 130807 518089424227932 ANIMAL ELEMENT,10002 Bank,08/2013
2013-08-08,,1044.26,Bank,Animal Element 3104000256 130807 100143679425 Animal Element 0,10002 Bank,08/2013
2013-08-07,7.95,,Bank,"Bluepay,Inc. 8667398324 130806 100143571470 Animal Element 000",10002 Bank,08/2013
2013-08-07,18.94,,Bank,"Bluepay,Inc. 8667398324 130806 100143570018 Animal Element 000",10002 Bank,08/2013
2013-08-07,1086,,Bank,BILL PAY TENNESSEE FARMER ON-LINE No Account Number ON 08-07,10002 Bank,08/2013
2013-08-07,,147.67,Bank,Animal Element 3104000256 130806 100143558230 Animal Element 0,10002 Bank,08/2013
2013-08-07,,618.3,Bank,BANKCARD-8566 BTOT DEP 130806 518089424227932 ANIMAL ELEMENT,10002 Bank,08/2013
2013-08-06,184.5,,Bank,BILL PAY DFW DISTRIBUTION ON-LINE No account number ON 08-06,10002 Bank,08/2013
2013-08-06,54.63,,Bank,BILL PAY GRAPHIC PRODUCTI ON-LINE No account number ON 08-06,10002 Bank,08/2013
2013-08-06,0.67,,Bank,CHECK CRD PURCHASE 08/06 Amazon Web Service aws.amazon.co WA 425907XXXXXX3535 083218111901103 ?MCC=7399,10002 Bank,08/2013
2013-08-06,248,,Bank,WF Direct Pay-Payment- Tran ID DP037716876,10002 Bank,08/2013
2013-08-06,232,,Bank,CHECK CRD PURCHASE 08/05 NATURVET 888-628-8783 CA 425907XXXXXX3535 083217847810277 ?MCC=5199,10002 Bank,08/2013
2013-08-06,35.24,,Bank,"CHECK CRD PURCHASE 08/05 RINGCENTRAL, INC 650-4724100 CA 425907XXXXXX3535 383217450579922 ?MCC=4814",10002 Bank,08/2013
2013-08-06,,297.06,Bank,BANKCARD-8566 MTOT DISC 130731 518089424227932 ANIMAL ELEMENT,10002 Bank,08/2013
2013-08-06,,400,Bank,Animal Element 3104000256 130805 100143183508 Animal Element 0,10002 Bank,08/2013
2013-08-06,,971.98,Bank,BANKCARD-8566 MTOT DEP 130805 518089424227932 ANIMAL ELEMENT,10002 Bank,08/2013
2013-08-06,,1454.77,Bank,Animal Element 3104000256 130805 100143434710 Animal Element 0,10002 Bank,08/2013
2013-08-05,297.06,,Bank,BANKCARD-8566 MTOT DISC 130731 518089424227932 ANIMAL ELEMENT,10002 Bank,08/2013
2013-08-05,297.06,,Bank,BANKCARD-8566 MTOT DISC 130731 518089424227932 ANIMAL ELEMENT,10002 Bank,08/2013
2013-08-05,180,,Bank,WF Direct Pay-Payment- Tran ID DP037689102,10002 Bank,08/2013
2013-08-05,53.54,,Bank,CHECK CRD PURCHASE 08/03 TURBOBRIDGE 888-666-3620 MD 425907XXXXXX3535 163215294594546 ?MCC=4814,10002 Bank,08/2013
2013-08-05,,43.95,Bank,BANKCARD-8566 MTOT DEP 130802 518089424227932 ANIMAL ELEMENT,10002 Bank,08/2013
2013-08-05,,710.04,Bank,BANKCARD-8566 BTOT DEP 130804 518089424227932 ANIMAL ELEMENT,10002 Bank,08/2013
2013-08-02,7.95,,Bank,ANIMAL ELEMENT Svc Fees 130801 ANIMAL ELEMENT,10002 Bank,08/2013
2013-08-02,,99.45,Bank,BANKCARD-8566 MTOT DEP 130801 518089424227932 ANIMAL ELEMENT,10002 Bank,08/2013
2013-08-01,1668.85,,Bank,CHECK CRD PURCHASE 07/31 STARWEST BOTANICAL 916-6388100 CA 425907XXXXXX3535 163210741028653 ?MCC=5199,10002 Bank,08/2013
2013-08-01,1690.45,,Bank,CHECK CRD PURCHASE 07/30 DIECUTSTICKERS.COM 206-8163421 WA 425907XXXXXX3535 083212010037077 ?MCC=5999,10002 Bank,08/2013
2013-08-01,,626.35,Bank,BANKCARD-8566 MTOT DEP 130731 518089424227932 ANIMAL ELEMENT,10002 Bank,08/2013
2013-08-01,,1982.32,Bank,Animal Element 3104000256 130731 100142693995 Animal Element 0,10002 Bank,08/2013
2013-07-31,4956.56,,Bank,CHASE EPAY 130730 1612578988 CHRISTOPHER H JONES,10002 Bank,07/2013
2013-07-31,2897.42,,Bank,WF Direct Pay-Payment- Tran ID DP037500422,10002 Bank,07/2013
2013-07-31,,99.45,Bank,BANKCARD-8566 BTOT DEP 130730 518089424227932 ANIMAL ELEMENT,10002 Bank,07/2013
2013-07-30,,90.85,Bank,BANKCARD-8566 MTOT DEP 130729 518089424227932 ANIMAL ELEMENT,10002 Bank,07/2013
2013-07-30,,208.68,Bank,Animal Element 3104000256 130729 100142218485 Animal Element 0,10002 Bank,07/2013
2013-07-29,220,,Bank,WF Direct Pay-Payment- Tran ID DP037411132,10002 Bank,07/2013
2013-07-29,10.17,,Bank,CHECK CRD PURCHASE 07/26 GODADDY.COM 480-5058855 AZ 425907XXXXXX3535 303208074524546 ?MCC=4816,10002 Bank,07/2013
2013-07-29,,214,Bank,BANKCARD-8566 MTOT DEP 130728 518089424227932 ANIMAL ELEMENT,10002 Bank,07/2013
2013-07-29,,505.92,Bank,BANKCARD-8566 MTOT DEP 130726 518089424227932 ANIMAL ELEMENT,10002 Bank,07/2013
2013-07-26,,776.78,Bank,BANKCARD-8566 MTOT DEP 130725 518089424227932 ANIMAL ELEMENT,10002 Bank,07/2013
2013-07-26,5,,Bank,1 CANADIAN DEP ITEMS @ 5.00 PER ITEM,10002 Bank,07/2013
2013-07-25,,319.35,Bank,BANKCARD-8566 MTOT DEP 130724 518089424227932 ANIMAL ELEMENT,10002 Bank,07/2013
2013-07-25,,1774.15,Bank,DEPOSIT MADE IN A BRANCH/STORE #633223798,10002 Bank,07/2013
2013-07-24,620.53,,Bank,BILL PAY DFW DISTRIBUTION ON-LINE No account number ON 07-24,10002 Bank,07/2013
2013-07-24,,433.71,Bank,BANKCARD-8566 BTOT DEP 130723 518089424227932 ANIMAL ELEMENT,10002 Bank,07/2013
2013-07-23,,323.6,Bank,BANKCARD-8566 MTOT DEP 130722 518089424227932 ANIMAL ELEMENT,10002 Bank,07/2013
2013-07-23,,1187.25,Bank,Animal Element 3104000256 130722 100141489075 Animal Element 0,10002 Bank,07/2013
2013-07-22,375,,Bank,KADRI AZHARUDDIN IAT PAYPAL 130722 4X4J279X36EZ8 ANIMAL ELEMENT,10002 Bank,07/2013
2013-07-22,,127.9,Bank,BANKCARD-8566 BTOT DEP 130721 518089424227932 ANIMAL ELEMENT,10002 Bank,07/2013
2013-07-19,900,,Bank,CHECK CRD PURCHASE 07/18 EQUINE MEDIA WORLD 816-651-3055 MO 425907XXXXXX3535 163199744711924 ?MCC=7311,10002 Bank,07/2013
2013-07-19,15,,Bank,RECUR DEBIT CRD PMT07/18 PAYPAL *TRAVELINGM 402-935-7733 NC 425907XXXXXX3535 083199429006219 ?MCC=7311,10002 Bank,07/2013
2013-07-19,,99.45,Bank,BANKCARD-8566 MTOT DEP 130718 518089424227932 ANIMAL ELEMENT,10002 Bank,07/2013
2013-07-18,319.77,,Bank,CHECK CRD PURCHASE 07/17 STARWEST BOTANICAL 916-6388100 CA 425907XXXXXX3535 283197856411385 ?MCC=5199,10002 Bank,07/2013
2013-07-18,181.7,,Bank,CHECK CRD PURCHASE 07/17 NUTRACEUTICALS INT 201-3992333 NJ 425907XXXXXX3535 283198657334872 ?MCC=5499,10002 Bank,07/2013
2013-07-18,,284.01,Bank,Animal Element 3104000256 130717 100141164772 Animal Element 0,10002 Bank,07/2013
2013-07-18,,600.47,Bank,BANKCARD-8566 MTOT DEP 130717 518089424227932 ANIMAL ELEMENT,10002 Bank,07/2013
2013-07-17,2000,,Bank,WF Direct Pay-Payment- Tran ID DP037081640,10002 Bank,07/2013
2013-07-17,,268.25,Bank,BANKCARD-8566 BTOT DEP 130716 518089424227932 ANIMAL ELEMENT,10002 Bank,07/2013
2013-07-17,,365,Bank,PAYPAL TRANSFER 130717 4X4J279DKSG7G ANIMAL ELEMENT,10002 Bank,07/2013
2013-07-17,,1090.47,Bank,Animal Element 3104000256 130716 100141044158 Animal Element 0,10002 Bank,07/2013
2013-07-16,50,,Bank,BILL PAY VICKI FRENCH RECURRINGNo account number ON 07-16,10002 Bank,07/2013
2013-07-16,,99.45,Bank,BANKCARD-8566 MTOT DEP 130715 518089424227932 ANIMAL ELEMENT,10002 Bank,07/2013
2013-07-15,100,,Bank,RECURRING TRANSFER TO ANIMAL ELEMENT LLC BUSINESS MARKET RATE SAVINGS REF #OPEQT5SSTB XXXXXX6133,10002 Bank,07/2013
2013-07-15,72.63,,Bank,CHECK CRD PURCHASE 07/14 TMC*TIME WARNER CO 888-TWCABLE CA 425907XXXXXX3535 083193095237620 ?MCC=4899,10002 Bank,07/2013
2013-07-15,111.83,,Bank,RECUR DEBIT CRD PMT07/13 T-MOBILE RECURRING 800-937-8997 WA 425907XXXXXX3535 003194432561032 ?MCC=4814,10002 Bank,07/2013
2013-07-15,,285.34,Bank,BANKCARD-8566 MTOT DEP 130714 518089424227932 ANIMAL ELEMENT,10002 Bank,07/2013
2013-07-15,,1712.45,Bank,BANKCARD-8566 MTOT DEP 130712 518089424227932 ANIMAL ELEMENT,10002 Bank,07/2013
2013-07-12,10,,Bank,RECUR DEBIT CRD PMT07/11 BACKBLAZE BACKUP 650-352-3738 CA 425907XXXXXX3535 283192425140955 ?MCC=5734,10002 Bank,07/2013
2013-07-12,,1696.63,Bank,BANKCARD-8566 BTOT DEP 130711 518089424227932 ANIMAL ELEMENT,10002 Bank,07/2013
2013-07-11,,43.95,Bank,BANKCARD-8566 MTOT DEP 130710 518089424227932 ANIMAL ELEMENT,10002 Bank,07/2013
2013-07-10,1150,,Bank,BILL PAY Berry Accounting ON-LINE No Account Number ON 07-10,10002 Bank,07/2013
2013-07-10,1000,,Bank,WF Direct Pay-Payment- Tran ID DP036832716,10002 Bank,07/2013
2013-07-10,1000,,Bank,"ONLINE TRANSFER TO PUNCHING PRO, LLC. BUSINESS CHECKING XXXXXX1396 REF #IBEJZZKVN8 ON 07/09/13",10002 Bank,07/2013
2013-07-10,,631.07,Bank,BANKCARD-8566 BTOT DEP 130709 518089424227932 ANIMAL ELEMENT,10002 Bank,07/2013
2013-07-09,3,,Bank,ONLINE DEP DETAIL & IMAGES,10002 Bank,07/2013
2013-07-09,3,,Bank,DIRECT PAY NONWF BUS PYMT TRANS,10002 Bank,07/2013
2013-07-09,3.5,,Bank,DIRECT PAY INDIVIDUAL PYMT TRANS,10002 Bank,07/2013
2013-07-09,10,,Bank,DIRECT PAY MONTHLY BASE,10002 Bank,07/2013
2013-07-09,14.95,,Bank,QUICKBOOKS BANKING,10002 Bank,07/2013
2013-07-09,,76.97,Bank,Animal Element 3104000256 130708 100140168298 Animal Element 0,10002 Bank,07/2013
2013-07-09,,118.95,Bank,BANKCARD-8566 MTOT DEP 130708 518089424227932 ANIMAL ELEMENT,10002 Bank,07/2013
2013-07-09,,1311.5,Bank,Animal Element 3104000256 130708 100140073648 Animal Element 0,10002 Bank,07/2013
2013-07-08,7.95,,Bank,"Bluepay,Inc. 8667398324 130705 100139843741 Animal Element 000",10002 Bank,07/2013
2013-07-08,17.05,,Bank,"Bluepay,Inc. 8667398324 130705 100139844701 Animal Element 000",10002 Bank,07/2013
2013-07-08,352,,Bank,WF Direct Pay-Payment- Tran ID DP036753230,10002 Bank,07/2013
2013-07-08,29.42,,Bank,POS PURCHASE - OFFICE DEPOT 00 HAWTHORNE CA 3535 00000000240488041,10002 Bank,07/2013
2013-07-08,35.24,,Bank,"CHECK CRD PURCHASE 07/05 RINGCENTRAL, INC 650-4724100 CA 425907XXXXXX3535 463186447305151 ?MCC=4814",10002 Bank,07/2013
2013-07-08,,47.95,Bank,BANKCARD-8566 MTOT DEP 130707 518089424227932 ANIMAL ELEMENT,10002 Bank,07/2013
2013-07-05,2500,,Bank,CHASE EPAY 130703 1593943908 CHRISTOPHER H JONES,10002 Bank,07/2013
2013-07-05,1500,,Bank,WF Direct Pay-Payment- Tran ID DP036725124,10002 Bank,07/2013
2013-07-05,1000,,Bank,"ONLINE TRANSFER TO PUNCHING PRO, LLC. BUSINESS CHECKING XXXXXX1396 REF #IBE2JQ7XM4 ON 07/05/13",10002 Bank,07/2013
2013-07-05,9.95,,Bank,CHECK CRD PURCHASE 07/03 TURBOBRIDGE 888-666-3620 MD 425907XXXXXX3535 003184303744705 ?MCC=4814,10002 Bank,07/2013
2013-07-05,,2633,Bank,Animal Element 3104000256 130703 100139463992 Animal Element 0,10002 Bank,07/2013
2013-07-03,,528,Bank,BANKCARD-8566 BTOT DEP 130702 518089424227932 ANIMAL ELEMENT,10002 Bank,07/2013
2013-07-02,10.25,,Bank,ANIMAL ELEMENT Svc Fees 130701 ANIMAL ELEMENT,10002 Bank,07/2013
2013-07-02,273,,Bank,BANKCARD-8566 MTOT DISC 130630 518089424227932 ANIMAL ELEMENT,10002 Bank,07/2013
2013-07-02,,99.45,Bank,BANKCARD-8566 MTOT DEP 130701 518089424227932 ANIMAL ELEMENT,10002 Bank,07/2013
2013-07-02,,5593.88,Bank,Animal Element 3104000256 130701 100139189650 Animal Element 0,10002 Bank,07/2013
2013-07-01,104,,Bank,CHECK CRD PURCHASE 06/30 INCORP SERVICES IN 702-866-2500 NV 425907XXXXXX3535 083181163406885 ?MCC=7399,10002 Bank,07/2013
2013-07-01,,47.95,Bank,BANKCARD-8566 MTOT DEP 130630 518089424227932 ANIMAL ELEMENT,10002 Bank,07/2013
2013-07-01,,99.45,Bank,BANKCARD-8566 MTOT DEP 130628 518089424227932 ANIMAL ELEMENT,10002 Bank,07/2013
2013-06-28,3000,,Bank,CHASE EPAY 130627 1590133206 CHRISTOPHER H JONES,10002 Bank,06/2013
2013-06-28,0.37,,Bank,BANKCARD-8566 BTOT ADJ 130627 518089424227932 ANIMAL ELEMENT,10002 Bank,06/2013
2013-06-27,500,,Bank,WF Direct Pay-Payment- Tran ID DP036408104,10002 Bank,06/2013
2013-06-27,500,,Bank,"ONLINE TRANSFER TO PUNCHING PRO, LLC. BUSINESS CHECKING XXXXXX1396 REF #IBE5FP8NR3 ON 06/27/13",10002 Bank,06/2013
2013-06-27,,845.67,Bank,Animal Element 3104000256 130626 100138551631 Animal Element 0,10002 Bank,06/2013
2013-06-27,,1476.36,Bank,BANKCARD-8566 MTOT DEP 130626 518089424227932 ANIMAL ELEMENT,10002 Bank,06/2013
2013-06-26,,174.58,Bank,BANKCARD-8566 BTOT DEP 130625 518089424227932 ANIMAL ELEMENT,10002 Bank,06/2013
2013-06-26,,367.68,Bank,Animal Element 3104000256 130625 100138438439 Animal Element 0,10002 Bank,06/2013
2013-06-24,165,,Bank,WF Direct Pay-Payment- Tran ID DP036290448,10002 Bank,06/2013
2013-06-24,,177.67,Bank,BANKCARD-8566 MTOT DEP 130623 518089424227932 ANIMAL ELEMENT,10002 Bank,06/2013
2013-06-24,,463.55,Bank,BANKCARD-8566 MTOT DEP 130621 518089424227932 ANIMAL ELEMENT,10002 Bank,06/2013
2013-06-21,312.5,,Bank,BILL PAY D & L Accounting ON-LINE No Account Number ON 06-21,10002 Bank,06/2013
2013-06-20,3019.5,,Bank,BILL PAY TENNESSEE FARMER ON-LINE No Account Number ON 06-20,10002 Bank,06/2013
2013-06-20,772.5,,Bank,WF Direct Pay-Payment- Tran ID DP036205256,10002 Bank,06/2013
2013-06-20,,539.5,Bank,BANKCARD-8566 MTOT DEP 130619 518089424227932 ANIMAL ELEMENT,10002 Bank,06/2013
2013-06-19,15,,Bank,RECUR DEBIT CRD PMT06/18 PAYPAL *TRAVELINGM 402-935-7733 NC 425907XXXXXX3535 083169423198182 ?MCC=7311,10002 Bank,06/2013
2013-06-19,,87.9,Bank,BANKCARD-8566 BTOT DEP 130618 518089424227932 ANIMAL ELEMENT,10002 Bank,06/2013
2013-06-18,149.99,,Bank,PAYPAL INST XFER 130618 4X4J276JLFGVN ANIMAL ELEMENT,10002 Bank,06/2013
2013-06-18,135.25,,Bank,BILL PAY APP GLOBAL INC. ON-LINE No Account Number ON 06-18,10002 Bank,06/2013
2013-06-18,50,,Bank,BILL PAY VICKI FRENCH RECURRINGNo account number ON 06-18,10002 Bank,06/2013
2013-06-17,199,,Bank,PAYPAL INST XFER 130617 4X4J276GRT8D6 ANIMAL ELEMENT,10002 Bank,06/2013
2013-06-17,100,,Bank,RECURRING TRANSFER TO ANIMAL ELEMENT LLC BUSINESS MARKET RATE SAVINGS REF #OPE5FLG57Y XXXXXX6133,10002 Bank,06/2013
2013-06-17,39.35,,Bank,CHECK CRD PURCHASE 06/14 PUREBULK INC 541-6791500 OR 425907XXXXXX3535 083164597729969 ?MCC=5499,10002 Bank,06/2013
2013-06-17,82.36,,Bank,CHECK CRD PURCHASE 06/14 NUTRABIO.COM 888-688-7224 NJ 425907XXXXXX3535 083164582346113 ?MCC=5399,10002 Bank,06/2013
2013-06-17,,954.08,Bank,ANIMAL ELEMENT B:6000 130614 ANIMAL ELEMENT,10002 Bank,06/2013
2013-06-17,,1167.5,Bank,BANKCARD-8566 MTOT DEP 130616 518089424227932 ANIMAL ELEMENT,10002 Bank,06/2013
2013-06-14,500,,Bank,WF Direct Pay-Payment- Tran ID DP036052422,10002 Bank,06/2013
2013-06-14,500,,Bank,"ONLINE TRANSFER TO PUNCHING PRO, LLC. BUSINESS CHECKING XXXXXX1396 REF #IBEXLZ5PS5 ON 06/14/13",10002 Bank,06/2013
2013-06-14,153.3,,Bank,DEBIT CRD PURCHASE 06/13 CART2CART 1858201640 HK 425907XXXXXX3535 613165549282488 ?MCC=7372,10002 Bank,06/2013
2013-06-14,110.54,,Bank,RECUR DEBIT CRD PMT06/13 T-MOBILE RECURRING 800-937-8997 WA 425907XXXXXX3535 163164424767633 ?MCC=4814,10002 Bank,06/2013
2013-06-14,,90.45,Bank,BANKCARD-8566 MTOT DEP 130613 518089424227932 ANIMAL ELEMENT,10002 Bank,06/2013
2013-06-12,10,,Bank,RECUR DEBIT CRD PMT06/11 BACKBLAZE BACKUP 650-352-3738 CA 425907XXXXXX3535 083162424784798 ?MCC=5734,10002 Bank,06/2013
2013-06-12,,1186.67,Bank,BANKCARD-8566 MTOT DEP 130611 518089424227932 ANIMAL ELEMENT,10002 Bank,06/2013
2013-06-11,183.75,,Bank,CHECK CRD PURCHASE 06/10 NATURVET 888-628-8783 CA 425907XXXXXX3535 283161844065307 ?MCC=5199,10002 Bank,06/2013
2013-06-10,895.86,,Bank,BANKCARD-8566 MTOT DEP 130607 518089424227932 ANIMAL ELEMENT,10002 Bank,06/2013
2013-06-10,2.5,,Bank,DIRECT PAY INDIVIDUAL PYMT TRANS,10002 Bank,06/2013
2013-06-10,10,,Bank,DIRECT PAY MONTHLY BASE,10002 Bank,06/2013
2013-06-10,14.95,,Bank,QUICKBOOKS BANKING,10002 Bank,06/2013
2013-06-07,72.25,,Bank,PAYPAL INST XFER 130607 4X4J275JGDF7L ANIMAL ELEMENT,10002 Bank,06/2013
2013-06-07,534.72,,Bank,WF Direct Pay-Payment- Tran ID DP035817102,10002 Bank,06/2013
2013-06-07,,431.32,Bank,BANKCARD-8566 BTOT DEP 130606 518089424227932 ANIMAL ELEMENT,10002 Bank,06/2013
2013-06-07,,634.72,Bank,PAYPAL TRANSFER 130607 4X4J275FZDTP6 ANIMAL ELEMENT,10002 Bank,06/2013
2013-06-07,,1049.07,Bank,ANIMAL ELEMENT B:5000 130606 ANIMAL ELEMENT,10002 Bank,06/2013
2013-06-06,2000,,Bank,WF Direct Pay-Payment- Tran ID DP035748018,10002 Bank,06/2013
2013-06-06,36.17,,Bank,"CHECK CRD PURCHASE 06/05 RINGCENTRAL, INC 650-4724100 CA 425907XXXXXX3535 303156447472224 ?MCC=4814",10002 Bank,06/2013
2013-06-06,,369.89,Bank,BANKCARD-8566 BTOT DEP 130605 518089424227932 ANIMAL ELEMENT,10002 Bank,06/2013
2013-06-06,,419.75,Bank,ANIMAL ELEMENT B:4000 130605 ANIMAL ELEMENT,10002 Bank,06/2013
2013-06-05,7.95,,Bank,"Bluepay,Inc. 8667398324 130604 100136085384 Animal Element 000",10002 Bank,06/2013
2013-06-05,7.95,,Bank,"Bluepay,Inc. 8667398324 130604 100136083833 Animal Element 000",10002 Bank,06/2013
2013-06-05,3000,,Bank,CHASE EPAY 130604 1574453281 CHRISTOPHER H JONES,10002 Bank,06/2013
2013-06-05,,1793.48,Bank,BANKCARD-8566 BTOT DEP 130604 518089424227932 ANIMAL ELEMENT,10002 Bank,06/2013
2013-06-05,,1893.97,Bank,ANIMAL ELEMENT B:3000 130604 ANIMAL ELEMENT,10002 Bank,06/2013
2013-06-04,12.78,,Bank,ANIMAL ELEMENT Svc Fees 130603 ANIMAL ELEMENT,10002 Bank,06/2013
2013-06-04,950,,Bank,WITHDRAWAL MADE IN A BRANCH/STORE,10002 Bank,06/2013
2013-06-04,9.95,,Bank,CHECK CRD PURCHASE 06/03 TURBOBRIDGE 888-666-3620 MD 425907XXXXXX3535 083154300666606 ?MCC=4814,10002 Bank,06/2013
2013-06-04,,2622.26,Bank,ANIMAL ELEMENT B:2000 130603 ANIMAL ELEMENT,10002 Bank,06/2013
2013-06-03,311.64,,Bank,BANKCARD-8566 MTOT DISC 130531 518089424227932 ANIMAL ELEMENT,10002 Bank,06/2013
2013-06-03,2654,,Bank,WF Direct Pay-Payment- Tran ID DP035609346,10002 Bank,06/2013
2013-06-03,104,,Bank,CHECK CRD PURCHASE 05/31 INCORP SERVICES IN 702-866-2500 NV 425907XXXXXX3535 163151800461173 ?MCC=7399,10002 Bank,06/2013
2013-06-03,,534.47,Bank,BANKCARD-8566 MTOT DEP 130531 518089424227932 ANIMAL ELEMENT,10002 Bank,06/2013
2013-06-03,,688.2,Bank,ANIMAL ELEMENT B:6000 130531 ANIMAL ELEMENT,10002 Bank,06/2013
2013-05-31,49.16,,Bank,BILL PAY GRAPHIC PRODUCTI ON-LINE No account number ON 05-31,10002 Bank,05/2013
2013-05-30,,525.24,Bank,BANKCARD-8566 MTOT DEP 130529 518089424227932 ANIMAL ELEMENT,10002 Bank,05/2013
2013-05-30,,1216.25,Bank,ANIMAL ELEMENT B:4000 130529 ANIMAL ELEMENT,10002 Bank,05/2013
2013-05-29,2000,,Bank,CHASE EPAY 130528 1569433467 CHRISTOPHER H JONES,10002 Bank,05/2013
2013-05-29,30.93,,Bank,CHECK CRD PURCHASE 05/28 BOX BROS REDONDO B REDONDO BEACH CA 425907XXXXXX3535 003148752870756 ?MCC=5999,10002 Bank,05/2013
2013-05-28,,176.43,Bank,BANKCARD-8566 MTOT DEP 130524 518089424227932 ANIMAL ELEMENT,10002 Bank,05/2013
2013-05-24,,1948.24,Bank,ANIMAL ELEMENT B:5000 130523 ANIMAL ELEMENT,10002 Bank,05/2013
2013-05-23,,256.79,Bank,BANKCARD-8566 BTOT DEP 130522 518089424227932 ANIMAL ELEMENT,10002 Bank,05/2013
2013-05-22,309.45,,Bank,BILL PAY DFW DISTRIBUTION ON-LINE No account number ON 05-22,10002 Bank,05/2013
2013-05-22,185,,Bank,BILL PAY DFW DISTRIBUTION ON-LINE No account number ON 05-22,10002 Bank,05/2013
2013-05-22,71.08,,Bank,POS PURCHASE - SPROUTS FARMERS MARKET REDONDO BEAC CA 3535 00383142163255636,10002 Bank,05/2013
2013-05-22,,684.41,Bank,BANKCARD-8566 MTOT DEP 130521 518089424227932 ANIMAL ELEMENT,10002 Bank,05/2013
2013-05-22,,909.24,Bank,ANIMAL ELEMENT B:3000 130521 ANIMAL ELEMENT,10002 Bank,05/2013
2013-05-21,3000,,Bank,CHASE EPAY 130520 1564338429 CHRISTOPHER H JONES,10002 Bank,05/2013
2013-05-21,2000,,Bank,WF Direct Pay-Payment- Tran ID DP035210732,10002 Bank,05/2013
2013-05-21,,67.97,Bank,ANIMAL ELEMENT B:2000 130520 ANIMAL ELEMENT,10002 Bank,05/2013
2013-05-21,,221.31,Bank,BANKCARD-8566 MTOT DEP 130520 518089424227932 ANIMAL ELEMENT,10002 Bank,05/2013
2013-05-20,15,,Bank,RECUR DEBIT CRD PMT05/18 PAYPAL *TRAVELINGM 402-935-7733 NC 425907XXXXXX3535 163138426910360 ?MCC=7311,10002 Bank,05/2013
2013-05-20,,554.22,Bank,BANKCARD-8566 MTOT DEP 130519 518089424227932 ANIMAL ELEMENT,10002 Bank,05/2013
2013-05-20,,943.41,Bank,BANKCARD-8566 MTOT DEP 130517 518089424227932 ANIMAL ELEMENT,10002 Bank,05/2013
2013-05-17,250,,Bank,"ONLINE TRANSFER TO PUNCHING PRO, LLC. REF #IBE2J9VG3X BUSINESS CHECKING VIA MOBILE",10002 Bank,05/2013
2013-05-17,72.63,,Bank,CHECK CRD PURCHASE 05/16 TMC*TIME WARNER CO 888-TWCABLE CA 425907XXXXXX3535 283134799087952 ?MCC=4899,10002 Bank,05/2013
2013-05-17,,147.4,Bank,BANKCARD-8566 MTOT DEP 130515 518089424227932 ANIMAL ELEMENT,10002 Bank,05/2013
2013-05-16,2000,,Bank,"CHASE EPAY 130515 1561284754 ANIMAL ELEMENT, LLC.",10002 Bank,05/2013
2013-05-16,50,,Bank,BILL PAY VICKI FRENCH RECURRINGNo account number ON 05-16,10002 Bank,05/2013
2013-05-16,200,,Bank,"ONLINE TRANSFER TO PUNCHING PRO, LLC. REF #IBE5FBTD67 BUSINESS CHECKING VIA MOBILE",10002 Bank,05/2013
2013-05-16,,909.85,Bank,ANIMAL ELEMENT B:3000 130515 ANIMAL ELEMENT,10002 Bank,05/2013
2013-05-16,,1014.22,Bank,ANIMAL ELEMENT B:4000 130515 ANIMAL ELEMENT,10002 Bank,05/2013
2013-05-15,100,,Bank,RECURRING TRANSFER TO ANIMAL ELEMENT LLC BUSINESS MARKET RATE SAVINGS REF #OPETPNZ69F XXXXXX6133,10002 Bank,05/2013
2013-05-15,,730.28,Bank,BANKCARD-8566 BTOT DEP 130514 518089424227932 ANIMAL ELEMENT,10002 Bank,05/2013
2013-05-14,98.21,,Bank,RECUR DEBIT CRD PMT05/13 T-MOBILE RECURRING 800-937-8997 WA 425907XXXXXX3535 003133434043607 ?MCC=4814,10002 Bank,05/2013
2013-05-14,,593.48,Bank,BANKCARD-8566 MTOT DEP 130513 518089424227932 ANIMAL ELEMENT,10002 Bank,05/2013
2013-05-14,,600,Bank,ANIMAL ELEMENT B:2000 130513 ANIMAL ELEMENT,10002 Bank,05/2013
2013-05-13,112.6,,Bank,BANKCARD-8566 MTOT DEP 130510 518089424227932 ANIMAL ELEMENT,10002 Bank,05/2013
2013-05-13,10,,Bank,RECUR DEBIT CRD PMT05/11 BACKBLAZE BACKUP 650-352-3738 CA 425907XXXXXX3535 003131461915209 ?MCC=5734,10002 Bank,05/2013
2013-05-10,4000,,Bank,"CHASE EPAY 130509 1557150137 ANIMAL ELEMENT, LLC.",10002 Bank,05/2013
2013-05-10,682,,Bank,WF Direct Pay-Payment- Tran ID DP034917482,10002 Bank,05/2013
2013-05-10,,141.35,Bank,BANKCARD-8566 BTOT DEP 130509 518089424227932 ANIMAL ELEMENT,10002 Bank,05/2013
2013-05-10,,210.07,Bank,ANIMAL ELEMENT B:4000 130509 ANIMAL ELEMENT,10002 Bank,05/2013
2013-05-10,,640.59,Bank,ANIMAL ELEMENT B:5000 130509 ANIMAL ELEMENT,10002 Bank,05/2013
2013-05-09,,1577.62,Bank,ANIMAL ELEMENT B:4000 130508 ANIMAL ELEMENT,10002 Bank,05/2013
2013-05-09,,2837.45,Bank,BANKCARD-8566 BTOT DEP 130508 518089424227932 ANIMAL ELEMENT,10002 Bank,05/2013
2013-05-08,2.5,,Bank,DIRECT PAY INDIVIDUAL PYMT TRANS,10002 Bank,05/2013
2013-05-08,3,,Bank,DIRECT PAY NONWF BUS PYMT TRANS,10002 Bank,05/2013
2013-05-08,10,,Bank,DIRECT PAY MONTHLY BASE,10002 Bank,05/2013
2013-05-08,14.95,,Bank,QUICKBOOKS BANKING,10002 Bank,05/2013
2013-05-08,,59.95,Bank,BANKCARD-8566 MTOT DEP 130507 518089424227932 ANIMAL ELEMENT,10002 Bank,05/2013
2013-05-07,1750,,Bank,WF Direct Pay-Payment- Tran ID DP034766652,10002 Bank,05/2013
2013-05-07,250,,Bank,"ONLINE TRANSFER TO PUNCHING PRO, LLC. BUSINESS CHECKING XXXXXX1396 REF #IBEC7CP4DS ON 05/07/13",10002 Bank,05/2013
2013-05-07,,870.81,Bank,ANIMAL ELEMENT B:2000 130506 ANIMAL ELEMENT,10002 Bank,05/2013
2013-05-06,322.6,,Bank,BILL PAY DFW DISTRIBUTION ON-LINE No account number ON 05-06,10002 Bank,05/2013
2013-05-06,37.04,,Bank,"CHECK CRD PURCHASE 05/05 RINGCENTRAL, INC 650-4704100 CA 425907XXXXXX3535 463125455718623 ?MCC=4814",10002 Bank,05/2013
2013-05-06,9.95,,Bank,CHECK CRD PURCHASE 05/03 TURBOBRIDGE 888-666-3620 MD 425907XXXXXX3535 083123299651176 ?MCC=4814,10002 Bank,05/2013
2013-05-06,,148.85,Bank,BANKCARD-8566 MTOT DEP 130503 518089424227932 ANIMAL ELEMENT,10002 Bank,05/2013
2013-05-03,1185.39,,Bank,FEDERAL EXPRESS DEBIT 130502 MMA10972184 ANIMAL ELEMENT,10002 Bank,05/2013
2013-05-03,,685.71,Bank,BANKCARD-8566 MTOT DEP 130502 518089424227932 ANIMAL ELEMENT,10002 Bank,05/2013
2013-05-03,,824.99,Bank,ANIMAL ELEMENT B:5000 130502 ANIMAL ELEMENT,10002 Bank,05/2013
2013-05-02,14.16,,Bank,ANIMAL ELEMENT Svc Fees 130501 ANIMAL ELEMENT,10002 Bank,05/2013
2013-05-02,279.67,,Bank,BANKCARD-8566 MTOT DISC 130430 518089424227932 ANIMAL ELEMENT,10002 Bank,05/2013
2013-05-02,,1025.15,Bank,BANKCARD-8566 MTOT DEP 130501 518089424227932 ANIMAL ELEMENT,10002 Bank,05/2013
2013-05-01,2000,,Bank,"CHASE EPAY 130430 1550064426 ANIMAL ELEMENT, LLC.",10002 Bank,05/2013
2013-05-01,3362.4,,Bank,BILL PAY TENNESSEE FARMER ON-LINE No Account Number ON 05-01,10002 Bank,05/2013
2013-05-01,200,,Bank,"ONLINE TRANSFER TO PUNCHING PRO, LLC. BUSINESS CHECKING XXXXXX1396 REF #IBEMWGJRP3 ON 05/01/13",10002 Bank,05/2013
2013-05-01,145,,Bank,CHECK CRD PURCHASE 04/30 NATURVET 888-628-8783 CA 425907XXXXXX3535 083120598001541 ?MCC=5199,10002 Bank,05/2013
2013-05-01,,286.46,Bank,PAYPAL TRANSFER 130501 4X4J26ZNEVCQA ANIMAL ELEMENT,10002 Bank,05/2013
2013-05-01,,639.48,Bank,BANKCARD-8566 MTOT DEP 130430 518089424227932 ANIMAL ELEMENT,10002 Bank,05/2013
2013-05-01,,789.77,Bank,ANIMAL ELEMENT B:3000 130430 ANIMAL ELEMENT,10002 Bank,05/2013
2013-04-30,100,,Bank,CHECK # 6025,10002 Bank,04/2013
2013-04-29,,193.36,Bank,BANKCARD-8566 MTOT DEP 130426 518089424227932 ANIMAL ELEMENT,10002 Bank,04/2013
2013-04-26,,237.8,Bank,BANKCARD-8566 MTOT DEP 130425 518089424227932 ANIMAL ELEMENT,10002 Bank,04/2013
2013-04-25,2500,,Bank,"CHASE EPAY 130424 1546804258 ANIMAL ELEMENT, LLC.",10002 Bank,04/2013
2013-04-25,,70.03,Bank,BANKCARD-8566 MTOT DEP 130424 518089424227932 ANIMAL ELEMENT,10002 Bank,04/2013
2013-04-25,,1461.6,Bank,ANIMAL ELEMENT B:4000 130424 ANIMAL ELEMENT,10002 Bank,04/2013
2013-04-24,,1013.43,Bank,BANKCARD-8566 MTOT DEP 130423 518089424227932 ANIMAL ELEMENT,10002 Bank,04/2013
2013-04-23,,170.43,Bank,ANIMAL ELEMENT B:2000 130422 ANIMAL ELEMENT,10002 Bank,04/2013
2013-04-22,1500,,Bank,WF Direct Pay-Payment- Tran ID DP034280238,10002 Bank,04/2013
2013-04-22,49,,Bank,DEBIT CRD PURCHASE 04/18 MB*MONEYBOOKERS.CO LONDON GB 425907XXXXXX3535 853110008743371 ?MCC=8999,10002 Bank,04/2013
2013-04-22,,1000,Bank,ANIMAL ELEMENT B:5000 130419 ANIMAL ELEMENT,10002 Bank,04/2013
2013-04-19,2000,,Bank,"CHASE EPAY 130418 1543030809 ANIMAL ELEMENT, LLC.",10002 Bank,04/2013
2013-04-19,15,,Bank,RECUR DEBIT CRD PMT04/18 PAYPAL *TRAVELINGM 402-935-7733 NC 425907XXXXXX3535 283108426685588 ?MCC=7399,10002 Bank,04/2013
2013-04-19,,839.94,Bank,ANIMAL ELEMENT B:4000 130418 ANIMAL ELEMENT,10002 Bank,04/2013
2013-04-19,,2251.61,Bank,BANKCARD-8566 MTOT DEP 130418 518089424227932 ANIMAL ELEMENT,10002 Bank,04/2013
2013-04-18,376.48,,Bank,BILL PAY Old Dominion Fre ON-LINE No Account Number ON 04-18,10002 Bank,04/2013
2013-04-18,,96.45,Bank,BANKCARD-8566 MTOT DEP 130417 518089424227932 ANIMAL ELEMENT,10002 Bank,04/2013
2013-04-18,,1577.96,Bank,ANIMAL ELEMENT B:4000 130417 ANIMAL ELEMENT,10002 Bank,04/2013
2013-04-17,27.31,,Bank,BILL PAY GRAPHIC PRODUCTI ON-LINE No account number ON 04-17,10002 Bank,04/2013
2013-04-17,159.98,,Bank,CHECK CRD PURCHASE 04/17 INTUIT *TURBOTAX 800-446-8848 CA 425907XXXXXX3535 083105829758767 ?MCC=5734,10002 Bank,04/2013
2013-04-17,,1259.06,Bank,ANIMAL ELEMENT B:3000 130416 ANIMAL ELEMENT,10002 Bank,04/2013
2013-04-16,6489.87,,Bank,"CHASE EPAY MOBIL 130415 1540602624 ANIMAL ELEMENT, LLC.",10002 Bank,04/2013
2013-04-16,50,,Bank,BILL PAY VICKI FRENCH RECURRINGNo account number ON 04-16,10002 Bank,04/2013
2013-04-16,667.99,,Bank,CHECK CRD PURCHASE 04/14 PAYPAL *USHIP INC 800-698-7447 TX 425907XXXXXX2465 163104742666141 ?MCC=7399,10002 Bank,04/2013
2013-04-15,100,,Bank,RECURRING TRANSFER TO ANIMAL ELEMENT LLC BUSINESS MARKET RATE SAVINGS REF #OPEMWB4V42 XXXXXX6133,10002 Bank,04/2013
2013-04-15,900,,Bank,CHECK CRD PURCHASE 04/14 EQUINE MEDIA WORLD 816-651-3055 MO 425907XXXXXX3535 003104591302255 ?MCC=7311,10002 Bank,04/2013
2013-04-15,98.21,,Bank,RECUR DEBIT CRD PMT04/13 T-MOBILE RECURRING 800-937-8997 WA 425907XXXXXX3535 083103430443621 ?MCC=4814,10002 Bank,04/2013
2013-04-15,1358.02,,Bank,CHECK CRD PURCHASE 04/11 FREIGHTQUOTE COM 888-595-5664 KS 425907XXXXXX3535 283101597961295 ?MCC=4215,10002 Bank,04/2013
2013-04-12,369.14,,Bank,CHECK # 6024,10002 Bank,04/2013
2013-04-12,849.04,,Bank,CHECK CRD PURCHASE 04/11 NATURVET 888-628-8783 CA 425907XXXXXX3535 083101661460790 ?MCC=5199,10002 Bank,04/2013
2013-04-12,10,,Bank,RECUR DEBIT CRD PMT04/11 BACKBLAZE BACKUP 650-352-3738 CA 425907XXXXXX3535 283101425720222 ?MCC=5734,10002 Bank,04/2013
2013-04-12,,1285.09,Bank,BANKCARD-8566 MTOT DEP 130411 518089424227932 ANIMAL ELEMENT,10002 Bank,04/2013
2013-04-12,,1981.09,Bank,ANIMAL ELEMENT B:5000 130411 ANIMAL ELEMENT,10002 Bank,04/2013
2013-04-11,1288.05,,Bank,CHECK CRD PURCHASE 04/10 NATURVET 888-628-8783 CA 425907XXXXXX3535 283100715636178 ?MCC=5199,10002 Bank,04/2013
2013-04-11,,1800.77,Bank,ANIMAL ELEMENT B:4000 130410 ANIMAL ELEMENT,10002 Bank,04/2013
2013-04-11,,2024.57,Bank,BANKCARD-8566 MTOT DEP 130410 518089424227932 ANIMAL ELEMENT,10002 Bank,04/2013
2013-04-10,90,,Bank,BILL PAY VICKI FRENCH ON-LINE No account number ON 04-10,10002 Bank,04/2013
2013-04-10,48.9,,Bank,CHECK CRD PURCHASE 04/09 SYX*GLOBALINDUSTRI 800-645-2986 FL 425907XXXXXX3535 083094697158351 ?MCC=5085,10002 Bank,04/2013
2013-04-10,,67.97,Bank,BANKCARD-8566 MTOT DEP 130409 518089424227932 ANIMAL ELEMENT,10002 Bank,04/2013
2013-04-10,,621.19,Bank,ANIMAL ELEMENT B:2000 130409 ANIMAL ELEMENT,10002 Bank,04/2013
2013-04-10,,1589.14,Bank,ANIMAL ELEMENT B:3000 130409 ANIMAL ELEMENT,10002 Bank,04/2013
2013-04-09,275,,Bank,WF Direct Pay-Payment- Tran ID DP033872714,10002 Bank,04/2013
2013-04-08,37.04,,Bank,"CHECK CRD PURCHASE 04/05 RINGCENTRAL, INC 650-4704100 CA 425907XXXXXX3535 583095444578139 ?MCC=4814",10002 Bank,04/2013
2013-04-08,2,,Bank,DIRECT PAY INDIVIDUAL PYMT TRANS,10002 Bank,04/2013
2013-04-08,3,,Bank,DIRECT PAY NONWF BUS PYMT TRANS,10002 Bank,04/2013
2013-04-08,10,,Bank,DIRECT PAY MONTHLY BASE,10002 Bank,04/2013
2013-04-08,14.95,,Bank,QUICKBOOKS BANKING,10002 Bank,04/2013
2013-04-08,,707.21,Bank,ANIMAL ELEMENT B:5000 130405 ANIMAL ELEMENT,10002 Bank,04/2013
2013-04-08,,726.68,Bank,BANKCARD-8566 BTOT DEP 130405 518089424227932 ANIMAL ELEMENT,10002 Bank,04/2013
2013-04-05,2500,,Bank,"CHASE EPAY 130404 1533229095 ANIMAL ELEMENT, LLC.",10002 Bank,04/2013
2013-04-05,305.55,,Bank,WITHDRAWAL MADE IN A BRANCH/STORE,10002 Bank,04/2013
2013-04-04,9.95,,Bank,CHECK CRD PURCHASE 04/03 TURBOBRIDGE 888-666-3620 MD 425907XXXXXX3535 083093299544539 ?MCC=4814,10002 Bank,04/2013
2013-04-04,,1100.44,Bank,ONLINE TRANSFER FROM ANIMAL ELEMENT LLC BUSINESS MARKET RATE SAVINGS XXXXXX6133 REF #IBEG44M34C ON 04/04/13,10002 Bank,04/2013
2013-04-03,32.78,,Bank,BILL PAY GRAPHIC PRODUCTI ON-LINE No account number ON 04-03,10002 Bank,04/2013
2013-04-03,,308.04,Bank,BANKCARD-8566 MTOT DEP 130402 518089424227932 ANIMAL ELEMENT,10002 Bank,04/2013
2013-04-02,11.4,,Bank,ANIMAL ELEMENT Svc Fees 130401 ANIMAL ELEMENT,10002 Bank,04/2013
2013-04-02,265.43,,Bank,BANKCARD-8566 MTOT DISC 130331 518089424227932 ANIMAL ELEMENT,10002 Bank,04/2013
2013-04-02,1500,,Bank,WF Direct Pay-Payment- Tran ID DP033665068,10002 Bank,04/2013
2013-04-02,,962.5,Bank,PAYPAL TRANSFER 130402 4X4J26WPX88BY ANIMAL ELEMENT,10002 Bank,04/2013
2013-04-02,,1484.07,Bank,ANIMAL ELEMENT B:2000 130401 ANIMAL ELEMENT,10002 Bank,04/2013
2013-04-01,45,,Bank,CHECK CRD PURCHASE 03/30 EVERNOTE.COM 650-257-0885 CA 425907XXXXXX3535 003088701474217 ?MCC=7375,10002 Bank,04/2013
2013-04-01,134.07,,Bank,CHECK CRD PURCHASE 03/29 NUTRACEUTICALS INT 201-3992333 NJ 425907XXXXXX3535 083088717878722 ?MCC=5499,10002 Bank,04/2013
2013-03-29,115.34,,Bank,CHECK CRD PURCHASE 03/28 MONTEREY BAY SPICE 831-426-2808 CA 425907XXXXXX3535 163086607955923 ?MCC=5399,10002 Bank,03/2013
2013-03-29,,1025.89,Bank,BANKCARD-8566 MTOT DEP 130328 518089424227932 ANIMAL ELEMENT,10002 Bank,03/2013
2013-03-28,1977.69,,Bank,BILL PAY APP Global Inc. ON-LINE No Account Number ON 03-28,10002 Bank,03/2013
2013-03-28,,397.31,Bank,BANKCARD-8566 BTOT DEP 130327 518089424227932 ANIMAL ELEMENT,10002 Bank,03/2013
2013-03-27,2261.23,,Bank,WF Direct Pay-Payment- Tran ID DP033454562,10002 Bank,03/2013
2013-03-26,945.35,,Bank,BILL PAY Old Dominion Fre ON-LINE No Account Number ON 03-26,10002 Bank,03/2013
2013-03-26,,646.12,Bank,BANKCARD-8566 MTOT DEP 130325 518089424227932 ANIMAL ELEMENT,10002 Bank,03/2013
2013-03-25,,567.87,Bank,BANKCARD-8566 MTOT DEP 130324 518089424227932 ANIMAL ELEMENT,10002 Bank,03/2013
2013-03-25,,1654.89,Bank,ANIMAL ELEMENT B:6000 130324 ANIMAL ELEMENT,10002 Bank,03/2013
2013-03-20,2000,,Bank,WF Direct Pay-Payment- Tran ID DP033280066,10002 Bank,03/2013
2013-03-20,,686.61,Bank,ANIMAL ELEMENT Reinits 130319 ANIMAL ELEMENT,10002 Bank,03/2013
2013-03-20,,1000.34,Bank,BANKCARD-8566 MTOT DEP 130319 518089424227932 ANIMAL ELEMENT,10002 Bank,03/2013
2013-03-20,,3618.31,Bank,ANIMAL ELEMENT B:3000 130319 ANIMAL ELEMENT,10002 Bank,03/2013
2013-03-19,10727.5,,Bank,WF Direct Pay-Payment- Tran ID DP033249258,10002 Bank,03/2013
2013-03-19,15,,Bank,RECUR DEBIT CRD PMT03/18 PAYPAL *TRAVELINGM 402-935-7733 NC 425907XXXXXX3535 283077424072118 ?MCC=7399,10002 Bank,03/2013
2013-03-19,,170.77,Bank,BANKCARD-8566 MTOT DEP 130318 518089424227932 ANIMAL ELEMENT,10002 Bank,03/2013
2013-03-19,,1471.72,Bank,ANIMAL ELEMENT B:2000 130318 ANIMAL ELEMENT,10002 Bank,03/2013
2013-03-18,50,,Bank,BILL PAY VICKI FRENCH RECURRINGNo account number ON 03-18,10002 Bank,03/2013
2013-03-18,,569.19,Bank,BANKCARD-8566 BTOT DEP 130315 518089424227932 ANIMAL ELEMENT,10002 Bank,03/2013
2013-03-18,,741.12,Bank,BANKCARD-8566 MTOT DEP 130317 518089424227932 ANIMAL ELEMENT,10002 Bank,03/2013
2013-03-15,100,,Bank,RECURRING TRANSFER TO ANIMAL ELEMENT LLC BUSINESS MARKET RATE SAVINGS REF #OPEMW2KF4N XXXXXX6133,10002 Bank,03/2013
2013-03-15,,357.89,Bank,BANKCARD-8566 BTOT DEP 130314 518089424227932 ANIMAL ELEMENT,10002 Bank,03/2013
2013-03-14,98.77,,Bank,RECUR DEBIT CRD PMT03/13 T-MOBILE RECURRING 800-937-8997 WA 425907XXXXXX3535 283072423181452 ?MCC=4814,10002 Bank,03/2013
2013-03-14,,416.97,Bank,ANIMAL ELEMENT B:4000 130313 ANIMAL ELEMENT,10002 Bank,03/2013
2013-03-13,799.6,,Bank,CHECK # 6022,10002 Bank,03/2013
2013-03-13,,849.42,Bank,BANKCARD-8566 MTOT DEP 130312 518089424227932 ANIMAL ELEMENT,10002 Bank,03/2013
2013-03-12,54.63,,Bank,BILL PAY GRAPHIC PRODUCTI ON-LINE No account number ON 03-12,10002 Bank,03/2013
2013-03-12,10,,Bank,RECUR DEBIT CRD PMT03/11 BACKBLAZE BACKUP 650-352-3738 CA 425907XXXXXX3535 003070425321263 ?MCC=5734,10002 Bank,03/2013
2013-03-12,,444.4,Bank,BANKCARD-8566 MTOT DEP 130311 518089424227932 ANIMAL ELEMENT,10002 Bank,03/2013
2013-03-11,,169.24,Bank,BANKCARD-8566 MTOT DEP 130310 518089424227932 ANIMAL ELEMENT,10002 Bank,03/2013
2013-03-11,,323.57,Bank,BANKCARD-8566 MTOT DEP 130308 518089424227932 ANIMAL ELEMENT,10002 Bank,03/2013
2013-03-08,2.5,,Bank,DIRECT PAY INDIVIDUAL PYMT TRANS,10002 Bank,03/2013
2013-03-08,3,,Bank,ONLINE DEP DETAIL & IMAGES,10002 Bank,03/2013
2013-03-08,10,,Bank,DIRECT PAY MONTHLY BASE,10002 Bank,03/2013
2013-03-08,14.95,,Bank,QUICKBOOKS BANKING,10002 Bank,03/2013
2013-03-06,686.61,,Bank,ANIMAL ELEMENT Returns 130305 ANIMAL ELEMENT,10002 Bank,03/2013
2013-03-06,37.04,,Bank,"CHECK CRD PURCHASE 03/05 RINGCENTRAL, INC 650-4704100 CA 425907XXXXXX3535 583064479990541 ?MCC=4814",10002 Bank,03/2013
2013-03-06,,464.26,Bank,BANKCARD-8566 MTOT DEP 130305 518089424227932 ANIMAL ELEMENT,10002 Bank,03/2013
2013-03-06,,686.61,Bank,ANIMAL ELEMENT Reinits 130305 ANIMAL ELEMENT,10002 Bank,03/2013
2013-03-05,56,,Bank,"CHASE EPAY 130304 1511773858 ANIMAL ELEMENT, LLC.",10002 Bank,03/2013
2013-03-05,2000,,Bank,WF Direct Pay-Payment- Tran ID DP032815156,10002 Bank,03/2013
2013-03-05,54.74,,Bank,CHECK CRD PURCHASE 03/03 BROOKSTONE 249 SANTA MONICA CA 425907XXXXXX3535 163062831016126 ?MCC=5947,10002 Bank,03/2013
2013-03-05,,760,Bank,ANIMAL ELEMENT 2000 130304 ANIMAL ELEMENT,10002 Bank,03/2013
2013-03-05,,847.93,Bank,BANKCARD-8566 BTOT DEP 130304 518089424227932 ANIMAL ELEMENT,10002 Bank,03/2013
2013-03-05,,1123.01,Bank,ANIMAL ELEMENT B:2000 130304 ANIMAL ELEMENT,10002 Bank,03/2013
2013-03-04,22.32,,Bank,ANIMAL ELEMENT Svc Fees 130301 ANIMAL ELEMENT,10002 Bank,03/2013
2013-03-04,240.11,,Bank,BANKCARD-8566 MTOT DISC 130228 518089424227932 ANIMAL ELEMENT,10002 Bank,03/2013
2013-03-04,9.95,,Bank,CHECK CRD PURCHASE 03/03 TURBOBRIDGE 888-666-3620 MD 425907XXXXXX3535 163062336179755 ?MCC=4814,10002 Bank,03/2013
2013-03-04,,598.68,Bank,BANKCARD-8566 MTOT DEP 130301 518089424227932 ANIMAL ELEMENT,10002 Bank,03/2013
2013-03-04,,2099.47,Bank,ANIMAL ELEMENT B:6000 130301 ANIMAL ELEMENT,10002 Bank,03/2013
2013-03-01,686.61,,Bank,ANIMAL ELEMENT Returns 130228 ANIMAL ELEMENT,10002 Bank,03/2013
2013-03-01,,351.86,Bank,BANKCARD-8566 MTOT DEP 130228 518089424227932 ANIMAL ELEMENT,10002 Bank,03/2013
2013-03-01,,737.48,Bank,ANIMAL ELEMENT B:5000 130228 ANIMAL ELEMENT,10002 Bank,03/2013
2013-02-28,498.16,,Bank,CHECK CRD PURCHASE 02/27 NATURVET 888-628-8783 CA 425907XXXXXX3535 003058763704621 ?MCC=5199,10002 Bank,02/2013
2013-02-28,,34.97,Bank,ANIMAL ELEMENT B:4000 130227 ANIMAL ELEMENT,10002 Bank,02/2013
2013-02-28,,429.75,Bank,BANKCARD-8566 MTOT DEP 130227 518089424227932 ANIMAL ELEMENT,10002 Bank,02/2013
2013-02-27,,10.89,Bank,RECUR DB CD PMT REV02/26 BEST BUY 0000 LAS VEGAS NV 425907XXXXXX3535 613058560702398 ?MCC=5732,10002 Bank,02/2013
2013-02-27,2158.82,,Bank,CHECK CRD PURCHASE 02/26 NATURVET 888-628-8783 CA 425907XXXXXX3535 083057795575749 ?MCC=5199,10002 Bank,02/2013
2013-02-27,,724.49,Bank,BANKCARD-8566 BTOT DEP 130226 518089424227932 ANIMAL ELEMENT,10002 Bank,02/2013
2013-02-27,,787.97,Bank,ANIMAL ELEMENT B:3000 130226 ANIMAL ELEMENT,10002 Bank,02/2013
2013-02-27,,2693,Bank,ANIMAL ELEMENT B:2000 130226 ANIMAL ELEMENT,10002 Bank,02/2013
2013-02-26,8700.3,,Bank,BILL PAY Tennessee Farmer ON-LINE No Account Number ON 02-26,10002 Bank,02/2013
2013-02-26,6755.4,,Bank,"BILL PAY BOMAC VETS PLUS, ON-LINE No account number ON 02-26",10002 Bank,02/2013
2013-02-26,661.01,,Bank,BILL PAY UNISHIPPERS ON-LINE xxxxxx18731 ON 02-26,10002 Bank,02/2013
2013-02-26,,1495.28,Bank,ANIMAL ELEMENT B:2000 130225 ANIMAL ELEMENT,10002 Bank,02/2013
2013-02-25,,1089.05,Bank,BANKCARD-8566 MTOT DEP 130222 518089424227932 ANIMAL ELEMENT,10002 Bank,02/2013
2013-02-22,167.44,,Bank,BILL PAY YRC Freight ON-LINE No Account Number ON 02-22,10002 Bank,02/2013
2013-02-22,,255.85,Bank,BANKCARD-8566 BTOT DEP 130221 518089424227932 ANIMAL ELEMENT,10002 Bank,02/2013
2013-02-22,,1684.55,Bank,ANIMAL ELEMENT B:5000 130221 ANIMAL ELEMENT,10002 Bank,02/2013
2013-02-21,10.89,,Bank,RECUR DEBIT CRD PMT02/20 BESTBUY GSP MT0001 800-4335778 MN 425907XXXXXX3535 383051205388383 ?MCC=5732,10002 Bank,02/2013
2013-02-21,,171.16,Bank,BANKCARD-8566 MTOT DEP 130220 518089424227932 ANIMAL ELEMENT,10002 Bank,02/2013
2013-02-21,,422.42,Bank,ANIMAL ELEMENT Reinits 130220 ANIMAL ELEMENT,10002 Bank,02/2013
2013-02-20,,208.35,Bank,MOBILE DEPOSIT : REF NUMBER :416200330131,10002 Bank,02/2013
2013-02-20,,399.8,Bank,ANIMAL ELEMENT B:3000 130219 ANIMAL ELEMENT,10002 Bank,02/2013
2013-02-20,,888.94,Bank,BANKCARD-8566 MTOT DEP 130219 518089424227932 ANIMAL ELEMENT,10002 Bank,02/2013
2013-02-19,50,,Bank,BILL PAY VICKI FRENCH RECURRINGNo account number ON 02-19,10002 Bank,02/2013
2013-02-19,200,,Bank,WF Direct Pay-Payment- Tran ID DP032355310,10002 Bank,02/2013
2013-02-19,15,,Bank,RECUR DEBIT CRD PMT02/18 PAYPAL *TRAVELINGM 402-935-7733 NC 425907XXXXXX3535 003049401310723 ?MCC=7399,10002 Bank,02/2013
2013-02-19,,351.18,Bank,BANKCARD-8566 MTOT DEP 130215 518089424227932 ANIMAL ELEMENT,10002 Bank,02/2013
2013-02-19,,401.48,Bank,BANKCARD-8566 BTOT DEP 130217 518089424227932 ANIMAL ELEMENT,10002 Bank,02/2013
2013-02-19,,1184.09,Bank,ANIMAL ELEMENT B:2000 130218 ANIMAL ELEMENT,10002 Bank,02/2013
2013-02-15,71.01,,Bank,BILL PAY Graphic Producti EXP AGENTNo account number ON 02-15,10002 Bank,02/2013
2013-02-15,500,,Bank,WF Direct Pay-Payment- Tran ID DP032325920,10002 Bank,02/2013
2013-02-15,500,,Bank,ONLINE TRANSFER REF #IBEXKY2YH2 TO BUSINESS CHECKING XXXXXX1396 ON 02/15/13,10002 Bank,02/2013
2013-02-15,100,,Bank,RECURRING TRANSFER REF #OPE5DJSMJK TO BUSINESS MARKET RATE SAVINGS XXXXXX6133,10002 Bank,02/2013
2013-02-14,272.5,,Bank,WF Direct Pay-Payment- Tran ID DP032249628,10002 Bank,02/2013
2013-02-14,98.21,,Bank,RECUR DEBIT CRD PMT02/13 T-MOBILE RECURRING 800-937-8997 WA 425907XXXXXX3535 003044457489331 ?MCC=4814,10002 Bank,02/2013
2013-02-14,,413.17,Bank,BANKCARD-8566 MTOT DEP 130213 518089424227932 ANIMAL ELEMENT,10002 Bank,02/2013
2013-02-14,,2000,Bank,ANIMAL ELEMENT B:4000 130213 ANIMAL ELEMENT,10002 Bank,02/2013
2013-02-13,,887.18,Bank,BANKCARD-8566 MTOT DEP 130212 518089424227932 ANIMAL ELEMENT,10002 Bank,02/2013
2013-02-12,283.9,,Bank,BILL PAY DFW DISTRIBUTION ON-LINE No account number ON 02-12,10002 Bank,02/2013
2013-02-12,196.4,,Bank,BILL PAY DFW DISTRIBUTION ON-LINE No account number ON 02-12,10002 Bank,02/2013
2013-02-12,10,,Bank,RECUR DEBIT CRD PMT02/11 BACKBLAZE BACKUP 650-352-3738 CA 425907XXXXXX3535 083042497747597 ?MCC=5734,10002 Bank,02/2013
2013-02-12,,920.5,Bank,ANIMAL ELEMENT B:2000 130211 ANIMAL ELEMENT,10002 Bank,02/2013
2013-02-11,674.82,,Bank,BILL PAY UNISHIPPERS ON-LINE xxxxxx18731 ON 02-11,10002 Bank,02/2013
2013-02-11,1852.91,,Bank,WF Direct Pay-Payment- Tran ID DP032136430,10002 Bank,02/2013
2013-02-11,,151.35,Bank,BANKCARD-8566 MTOT DEP 130208 518089424227932 ANIMAL ELEMENT,10002 Bank,02/2013
2013-02-11,,289.46,Bank,ANIMAL ELEMENT B:6000 130208 ANIMAL ELEMENT,10002 Bank,02/2013
2013-02-08,250,,Bank,ONLINE TRANSFER REF #IBEC6L78MK TO BUSINESS CHECKING XXXXXX1396 ON 02/08/13,10002 Bank,02/2013
2013-02-08,3,,Bank,DIRECT PAY INDIVIDUAL PYMT TRANS,10002 Bank,02/2013
2013-02-08,6,,Bank,DIRECT PAY NONWF BUS PYMT TRANS,10002 Bank,02/2013
2013-02-08,10,,Bank,DIRECT PAY MONTHLY BASE,10002 Bank,02/2013
2013-02-08,14.95,,Bank,QUICKBOOKS BANKING,10002 Bank,02/2013
2013-02-08,,298.81,Bank,BANKCARD-8566 MTOT DEP 130207 518089424227932 ANIMAL ELEMENT,10002 Bank,02/2013
2013-02-08,,2693,Bank,ANIMAL ELEMENT B:5000 130207 ANIMAL ELEMENT,10002 Bank,02/2013
2013-02-07,97.4,,Bank,BILL PAY UNISHIPPERS ON-LINE xxxxxx18731 ON 02-07,10002 Bank,02/2013
2013-02-07,92.74,,Bank,BILL PAY UNISHIPPERS ON-LINE xxxxxx18731 ON 02-07,10002 Bank,02/2013
2013-02-07,,1552.44,Bank,BANKCARD-8566 MTOT DEP 130206 518089424227932 ANIMAL ELEMENT,10002 Bank,02/2013
2013-02-06,0.9,,Bank,CHECK CRD PURCHASE 02/05 BACKBLAZE BACKUP 650-352-3738 CA 425907XXXXXX3535 163036131070050 ?MCC=5734,10002 Bank,02/2013
2013-02-06,37.04,,Bank,"CHECK CRD PURCHASE 02/05 RINGCENTRAL, INC 650-4704100 CA 425907XXXXXX3535 583036480598199 ?MCC=4814",10002 Bank,02/2013
2013-02-06,,1608.06,Bank,ANIMAL ELEMENT B:3000 130205 ANIMAL ELEMENT,10002 Bank,02/2013
2013-02-05,422.42,,Bank,ANIMAL ELEMENT Returns 130204 ANIMAL ELEMENT,10002 Bank,02/2013
2013-02-05,87,,Bank,CHECK CRD PURCHASE 02/04 NATURVET 888-628-8783 CA 425907XXXXXX3535 003035746733278 ?MCC=5199,10002 Bank,02/2013
2013-02-05,,422.42,Bank,ANIMAL ELEMENT Reinits 130204 ANIMAL ELEMENT,10002 Bank,02/2013
2013-02-04,21.86,,Bank,ANIMAL ELEMENT Svc Fees 130201 ANIMAL ELEMENT,10002 Bank,02/2013
2013-02-04,6892.24,,Bank,"CHASE EPAY 130201 1486167263 ANIMAL ELEMENT, LLC.",10002 Bank,02/2013
2013-02-04,340,,Bank,WITHDRAWAL MADE IN A BRANCH/STORE,10002 Bank,02/2013
2013-02-04,315.08,,Bank,BANKCARD-8566 MTOT DISC 130131 518089424227932 ANIMAL ELEMENT,10002 Bank,02/2013
2013-02-04,9.95,,Bank,CHECK CRD PURCHASE 02/03 TURBOBRIDGE 888-666-3620 MD 425907XXXXXX3535 003034334630895 ?MCC=4814,10002 Bank,02/2013
2013-02-04,,71.9,Bank,BANKCARD-8566 MTOT DEP 130201 518089424227932 ANIMAL ELEMENT,10002 Bank,02/2013
2013-02-04,,866.85,Bank,ANIMAL ELEMENT B:6000 130201 ANIMAL ELEMENT,10002 Bank,02/2013
2013-02-01,,273,Bank,BANKCARD-8566 MTOT DEP 130131 518089424227932 ANIMAL ELEMENT,10002 Bank,02/2013
2013-01-31,422.42,,Bank,ANIMAL ELEMENT Returns 130130 ANIMAL ELEMENT,10002 Bank,01/2013
2013-01-31,1150.91,,Bank,CHECK CRD PURCHASE 01/30 PACIFIC BAG 425-4551128 WA 425907XXXXXX3535 463031033564791 ?MCC=7333,10002 Bank,01/2013
2013-01-31,,563.04,Bank,BANKCARD-8566 BTOT DEP 130130 518089424227932 ANIMAL ELEMENT,10002 Bank,01/2013
2013-01-31,,1000,Bank,ANIMAL ELEMENT B:4000 130130 ANIMAL ELEMENT,10002 Bank,01/2013
2013-01-30,,706.88,Bank,BANKCARD-8566 MTOT DEP 130129 518089424227932 ANIMAL ELEMENT,10002 Bank,01/2013
2013-01-29,612.17,,Bank,CHECK CRD PURCHASE 01/28 NATURVET 888-628-8783 CA 425907XXXXXX3535 163028706497631 ?MCC=5199,10002 Bank,01/2013
2013-01-29,900,,Bank,CHECK CRD PURCHASE 01/28 EQUINE MEDIA WORLD 816-651-3055 MO 425907XXXXXX3535 003028608894898 ?MCC=7311,10002 Bank,01/2013
2013-01-29,,1077.42,Bank,ANIMAL ELEMENT B:2000 130128 ANIMAL ELEMENT,10002 Bank,01/2013
2013-01-28,200,,Bank,ONLINE TRANSFER REF #IBE5DD5LTD TO BUSINESS CHECKING XXXXXX1396 ON 01/28/13,10002 Bank,01/2013
2013-01-28,92.64,,Bank,POS PURCHASE - PETCO ANIMAL SUPPLIES REDONDO BEACHCA 3535 00303028119254775,10002 Bank,01/2013
2013-01-28,,313.57,Bank,BANKCARD-8566 MTOT DEP 130127 518089424227932 ANIMAL ELEMENT,10002 Bank,01/2013
2013-01-28,,813.68,Bank,ANIMAL ELEMENT B:6000 130125 ANIMAL ELEMENT,10002 Bank,01/2013
2013-01-25,,192.79,Bank,ANIMAL ELEMENT B:5000 130124 ANIMAL ELEMENT,10002 Bank,01/2013
2013-01-25,,1000.62,Bank,BANKCARD-8566 MTOT DEP 130124 518089424227932 ANIMAL ELEMENT,10002 Bank,01/2013
2013-01-24,231,,Bank,WF Direct Pay-Payment- Tran ID DP031622742,10002 Bank,01/2013
2013-01-24,,46.95,Bank,BANKCARD-8566 MTOT DEP 130123 518089424227932 ANIMAL ELEMENT,10002 Bank,01/2013
2013-01-23,,496.77,Bank,BANKCARD-8566 MTOT DEP 130122 518089424227932 ANIMAL ELEMENT,10002 Bank,01/2013
2013-01-23,,1054.55,Bank,ANIMAL ELEMENT B:3000 130122 ANIMAL ELEMENT,10002 Bank,01/2013
2013-01-22,3000,,Bank,WF Direct Pay-Payment- Tran ID DP031556244,10002 Bank,01/2013
2013-01-22,533.75,,Bank,WF Direct Pay-Payment- Tran ID DP031548504,10002 Bank,01/2013
2013-01-22,250,,Bank,ONLINE TRANSFER REF #IBEC6FVLJP TO BUSINESS CHECKING XXXXXX1396 ON 01/22/13,10002 Bank,01/2013
2013-01-22,10.89,,Bank,RECUR DEBIT CRD PMT01/20 BESTBUY GSP MT0001 800-4335778 MN 425907XXXXXX3535 583020161070265 ?MCC=5732,10002 Bank,01/2013
2013-01-22,15,,Bank,RECUR DEBIT CRD PMT01/18 PAYPAL *TRAVELINGM 402-935-7733 NC 425907XXXXXX3535 163018430857435 ?MCC=7399,10002 Bank,01/2013
2013-01-22,,396,Bank,BANKCARD-8566 BTOT DEP 130118 518089424227932 ANIMAL ELEMENT,10002 Bank,01/2013
2013-01-22,,678,Bank,ANIMAL ELEMENT B:2000 130121 ANIMAL ELEMENT,10002 Bank,01/2013
2013-01-17,,756.74,Bank,ANIMAL ELEMENT B:4000 130116 ANIMAL ELEMENT,10002 Bank,01/2013
2013-01-16,50,,Bank,BILL PAY VICKI FRENCH RECURRINGNo account number ON 01-16,10002 Bank,01/2013
2013-01-15,212.5,,Bank,WF Direct Pay-Payment- Tran ID DP031395004,10002 Bank,01/2013
2013-01-15,100,,Bank,RECURRING TRANSFER REF #OPE5D9642R TO BUSINESS MARKET RATE SAVINGS XXXXXX6133,10002 Bank,01/2013
2013-01-15,,998.46,Bank,BANKCARD-8566 MTOT DEP 130114 518089424227932 ANIMAL ELEMENT,10002 Bank,01/2013
2013-01-15,,2643.77,Bank,ANIMAL ELEMENT B:2000 130114 ANIMAL ELEMENT,10002 Bank,01/2013
2013-01-14,98.33,,Bank,RECUR DEBIT CRD PMT01/13 T-MOBILE RECURRING 800-937-8997 WA 425907XXXXXX3535 163013453332088 ?MCC=4814,10002 Bank,01/2013
2013-01-14,5,,Bank,RECUR DEBIT CRD PMT01/11 BACKBLAZE BACKUP 650-352-3738 CA 425907XXXXXX3535 083011499173134 ?MCC=5734,10002 Bank,01/2013
2013-01-14,,252.79,Bank,BANKCARD-8566 MTOT DEP 130111 518089424227932 ANIMAL ELEMENT,10002 Bank,01/2013
2013-01-11,1000,,Bank,WF Direct Pay-Payment- Tran ID DP031305756,10002 Bank,01/2013
2013-01-11,1000,,Bank,ONLINE TRANSFER REF #IBEMVHRLQS TO BUSINESS CHECKING XXXXXX1396 ON 01/11/13,10002 Bank,01/2013
2013-01-11,,274.19,Bank,BANKCARD-8566 MTOT DEP 130110 518089424227932 ANIMAL ELEMENT,10002 Bank,01/2013
2013-01-10,,1684.84,Bank,BANKCARD-8566 MTOT DEP 130109 518089424227932 ANIMAL ELEMENT,10002 Bank,01/2013
2013-01-09,232,,Bank,CHECK CRD PURCHASE 01/08 NATURVET 888-628-8783 CA 425907XXXXXX3535 283009028111166 ?MCC=5199,10002 Bank,01/2013
2013-01-09,3.5,,Bank,DIRECT PAY INDIVIDUAL PYMT TRANS,10002 Bank,01/2013
2013-01-09,6,,Bank,DIRECT PAY NONWF BUS PYMT TRANS,10002 Bank,01/2013
2013-01-09,10,,Bank,DIRECT PAY MONTHLY BASE,10002 Bank,01/2013
2013-01-09,14.95,,Bank,QUICKBOOKS BANKING,10002 Bank,01/2013
2013-01-09,,346.09,Bank,ANIMAL ELEMENT B:3000 130108 ANIMAL ELEMENT,10002 Bank,01/2013
2013-01-09,,870.82,Bank,BANKCARD-8566 MTOT DEP 130108 518089424227932 ANIMAL ELEMENT,10002 Bank,01/2013
2013-01-08,,746.05,Bank,BANKCARD-8566 BTOT DEP 130107 518089424227932 ANIMAL ELEMENT,10002 Bank,01/2013
2013-01-07,37.05,,Bank,"CHECK CRD PURCHASE 01/05 RINGCENTRAL, INC 650-4704100 CA 425907XXXXXX3535 463005474866328 ?MCC=4814",10002 Bank,01/2013
2013-01-07,,298.85,Bank,BANKCARD-8566 BTOT DEP 130104 518089424227932 ANIMAL ELEMENT,10002 Bank,01/2013
2013-01-07,,1379.75,Bank,BANKCARD-8566 MTOT DEP 130106 518089424227932 ANIMAL ELEMENT,10002 Bank,01/2013
2013-01-04,216.21,,Bank,CHECK CRD PURCHASE 01/03 NATIONAL POLYMERS 952-4694977 MN 425907XXXXXX2465 163003600518037 ?MCC=5199,10002 Bank,01/2013
2013-01-04,9.95,,Bank,CHECK CRD PURCHASE 01/03 TURBOBRIDGE 888-666-3620 MD 425907XXXXXX3535 003003331534956 ?MCC=4814,10002 Bank,01/2013
2013-01-03,31.4,,Bank,ANIMAL ELEMENT Svc Fees 130102 ANIMAL ELEMENT,10002 Bank,01/2013
2013-01-03,,1252.59,Bank,BANKCARD-8566 MTOT DEP 130102 518089424227932 ANIMAL ELEMENT,10002 Bank,01/2013
2013-01-03,,2821.6,Bank,ANIMAL ELEMENT B:4000 130102 ANIMAL ELEMENT,10002 Bank,01/2013
2013-01-02,13053.25,,Bank,CHASE EPAY 121231 1470389730 CHRISTOPHER H JONES,10002 Bank,01/2013
2013-01-02,173.39,,Bank,BANKCARD-8566 MTOT DISC 121231 518089424227932 ANIMAL ELEMENT,10002 Bank,01/2013
2013-01-02,,827.06,Bank,BANKCARD-8566 MTOT DEP 121231 518089424227932 ANIMAL ELEMENT,10002 Bank,01/2013
